{
  "currentFrameRate": 62.7617,
  "devices": [],
  "gestures": [],
  "hands": [
    {
      "armBasis": [
        [0.885442, -0.108305, -0.451954],
        [0.283438, 0.896523, 0.340455],
        [0.368314, -0.429554, 0.824517]
      ],
      "armWidth": 63.2066,
      "confidence": 1.0,
      "direction": [-0.105986, 0.147317, -0.983395],
      "elbow": [184.452, 38.0, 327.23],
      "grabStrength": 0.0,
      "id": 37,
      "palmNormal": [-0.266076, -0.957103, -0.114702],
      "palmPosition": [71.7463, 158.721, 54.301],
      "palmVelocity": [-16.6261, -0.0773729, 11.6137],
      "palmWidth": 90.2568,
      "pinchStrength": 0.0,
      "r": [
        [0.998003, 0.0166473, -0.0609331],
        [-0.0109898, 0.995695, 0.0920319],
        [0.0622029, -0.0911785, 0.99389]
      ],
      "s": 0.893447,
      "sphereCenter": [-10.1931, -155.598, 33.1809],
      "sphereRadius": 327.47,
      "stabilizedPalmPosition": [75.9494, 144.961, 43.9502],
      "t": [11.652, 43.7216, 0.818216],
      "timeVisible": 2.81618,
      "type": "right",
      "wrist": [85.8082, 153.045, 106.404]
    }
  ],
  "id": 125617,
  "interactionBox": {
    "center": [0.0, 200.0, 0.0],
    "size": [235.247, 235.247, 147.751]
  },
  "pointables": [
    {
      "bases": [
        [
          [0.602844, 0.784407, -0.145892],
          [-0.610724, 0.571335, 0.548264],
          [0.513415, -0.241418, 0.823482]
        ],
        [
          [0.398322, 0.820072, -0.41088],
          [-0.497111, 0.569463, 0.654669],
          [0.770856, -0.0565163, 0.634497]
        ],
        [
          [0.398322, 0.820072, -0.41088],
          [-0.381085, 0.555416, 0.739112],
          [0.834334, -0.137825, 0.533752]
        ],
        [
          [0.398322, 0.820072, -0.41088],
          [-0.191319, 0.512377, 0.837178],
          [0.897071, -0.254857, 0.360987]
        ]
      ],
      "btipPosition": [-30.9889, 162.723, 54.6411],
      "carpPosition": [56.2237, 149.347, 112.491],
      "dipPosition": [-10.1634, 156.807, 63.0214],
      "direction": [-0.834334, 0.137825, -0.533752],
      "extended": True,
      "handId": 37,
      "id": 370,
      "length": 51.6964,
      "mcpPosition": [56.2237, 149.347, 112.491],
      "pipPosition": [18.0545, 152.146, 81.0733],
      "stabilizedTipPosition": [-19.6017, 153.5, 46.2707],
      "timeVisible": 2.81618,
      "tipPosition": [-26.2163, 161.103, 56.5634],
      "tipVelocity": [-16.1859, -18.129, 6.70299],
      "tool": False,
      "touchDistance": 0.383145,
      "touchZone": "hovering",
      "type": 0,
      "width": 20.0868
    },
    {
      "bases": [
        [
          [0.926711, -0.221224, -0.303754],
          [0.22377, 0.974271, -0.0268708],
          [0.301883, -0.0430696, 0.952372]
        ],
        [
          [0.920728, -0.220354, -0.32203],
          [0.210687, 0.975387, -0.0650417],
          [0.328436, -0.00796172, 0.944493]
        ],
        [
          [0.920728, -0.220354, -0.32203],
          [0.18328, 0.972804, -0.141634],
          [0.344482, 0.0713845, 0.936075]
        ],
        [
          [0.920728, -0.220354, -0.32203],
          [0.16077, 0.966208, -0.20148],
          [0.355545, 0.133736, 0.925042]
        ]
      ],
      "btipPosition": [17.6127, 166.983, -44.72],
      "carpPosition": [67.9248, 167.478, 103.152],
      "dipPosition": [23.6384, 169.249, -29.0424],
      "direction": [-0.344482, -0.0713845, -0.936075],
      "extended": True,
      "handId": 37,
      "id": 371,
      "length": 58.3336,
      "mcpPosition": [45.8943, 170.622, 33.6513],
      "pipPosition": [31.8976, 170.961, -6.59943],
      "stabilizedTipPosition": [26.8498, 159.218, -51.1322],
      "timeVisible": 2.81618,
      "tipPosition": [19.2493, 168.246, -41.1972],
      "tipVelocity": [-19.6251, -23.9427, 13.8908],
      "tool": False,
      "touchDistance": 0.391478,
      "touchZone": "hovering",
      "type": 1,
      "width": 19.1869
    },
    {
      "bases": [
        [
          [0.90716, -0.387836, -0.163231],
          [0.383794, 0.921663, -0.0569216],
          [0.17252, -0.0110101, 0.984944]
        ],
        [
          [0.913221, -0.387969, -0.124528],
          [0.373814, 0.919332, -0.122849],
          [0.162144, 0.0656375, 0.984582]
        ],
        [
          [0.913221, -0.387969, -0.124528],
          [0.353315, 0.906208, -0.232285],
          [0.202968, 0.16813, 0.964643]
        ],
        [
          [0.913221, -0.387969, -0.124528],
          [0.334146, 0.887963, -0.316021],
          [0.233183, 0.246986, 0.940544]
        ]
      ],
      "btipPosition": [49.5597, 154.753, -61.1007],
      "carpPosition": [79.3234, 166.476, 98.8802],
      "dipPosition": [53.9063, 159.357, -43.5684],
      "direction": [-0.202968, -0.16813, -0.964643],
      "extended": True,
      "handId": 37,
      "id": 372,
      "length": 66.4665,
      "mcpPosition": [67.384, 167.238, 30.7164],
      "pipPosition": [59.6315, 164.099, -16.3585],
      "stabilizedTipPosition": [58.4773, 147.329, -66.6106],
      "timeVisible": 2.81618,
      "tipPosition": [50.869, 156.674, -57.2076],
      "tipVelocity": [-17.3199, -11.5437, 14.2201],
      "tool": False,
      "touchDistance": 0.390266,
      "touchZone": "hovering",
      "type": 2,
      "width": 18.8441
    },
    {
      "bases": [
        [
          [0.89113, -0.453597, -0.0117507],
          [0.45293, 0.890778, -0.0370113],
          [0.0272555, 0.0276597, 0.999246]
        ],
        [
          [0.891525, -0.452238, 0.0257863],
          [0.452272, 0.885539, -0.106167],
          [0.0251779, 0.106313, 0.994014]
        ],
        [
          [0.891525, -0.452238, 0.0257863],
          [0.448205, 0.872473, -0.194688],
          [0.0655474, 0.185127, 0.980526]
        ],
        [
          [0.891525, -0.452238, 0.0257863],
          [0.442509, 0.857353, -0.262928],
          [0.0967979, 0.245817, 0.964471]
        ]
      ],
      "btipPosition": [84.1217, 146.532, -54.9128],
      "carpPosition": [90.5262, 162.605, 96.0485],
      "dipPosition": [85.9156, 151.087, -37.0378],
      "direction": [-0.0655474, -0.185127, -0.980526],
      "extended": True,
      "handId": 37,
      "id": 373,
      "length": 63.9093,
      "mcpPosition": [88.8327, 160.886, 33.9601],
      "pipPosition": [87.7168, 156.174, -10.0942],
      "stabilizedTipPosition": [91.6875, 135.862, -60.852],
      "timeVisible": 2.81618,
      "tipPosition": [84.8846, 148.461, -50.9247],
      "tipVelocity": [-16.5911, -5.78827, 13.842],
      "tool": False,
      "touchDistance": 0.387853,
      "touchZone": "hovering",
      "type": 3,
      "width": 17.9314
    },
    {
      "bases": [
        [
          [0.801126, -0.588252, 0.110258],
          [0.586636, 0.808304, 0.050039],
          [-0.118558, 0.0245938, 0.992643]
        ],
        [
          [0.776784, -0.579083, 0.247526],
          [0.599201, 0.800563, -0.00750233],
          [-0.193816, 0.154146, 0.968852]
        ],
        [
          [0.776784, -0.579083, 0.247526],
          [0.613738, 0.784201, -0.0914006],
          [-0.141182, 0.222915, 0.96456]
        ],
        [
          [0.776784, -0.579083, 0.247526],
          [0.62192, 0.767222, -0.156799],
          [-0.0991077, 0.27574, 0.956109]
        ]
      ],
      "btipPosition": [118.144, 136.365, -30.3153],
      "carpPosition": [100.094, 152.226, 95.8224],
      "dipPosition": [116.45, 141.08, -13.9678],
      "direction": [0.141182, -0.222915, -0.96456],
      "extended": True,
      "handId": 37,
      "id": 374,
      "length": 50.1037,
      "mcpPosition": [106.913, 150.811, 38.7276],
      "pipPosition": [113.711, 145.405, 4.74582],
      "stabilizedTipPosition": [122.791, 124.708, -36.5297],
      "timeVisible": 2.81618,
      "tipPosition": [117.973, 138.312, -26.6481],
      "tipVelocity": [-17.5927, 3.47574, 11.8667],
      "tool": False,
      "touchDistance": 0.38236,
      "touchZone": "hovering",
      "type": 4,
      "width": 15.9281
    }
  ],